År;Kvartal;Färdigställda_bostäder_Kvartal;Färdigställda_bostäder_R12;Färdigställda_bostäder_Prognos;Färdigställda_bostäder_Polaritet;Färdigställda_bostäder_Troskel;Färdigställda_bostäder_Kvartal_Riket;Färdigställda_bostäder_R12_Riket;Färdigställda_småhus_Kvartal;Färdigställda_småhus_R12;Färdigställda_småhus_Prognos;Färdigställda_småhus_Polaritet;Färdigställda_småhus_Troskel;Färdigställda_småhus_Kvartal_Riket;Färdigställda_småhus_R12_Riket;Färdigställda_flerbostadshus_Kvartal;Färdigställda_flerbostadshus_R12;Färdigställda_flerbostadshus_Prognos;Färdigställda_flerbostadshus_Polaritet;Färdigställda_flerbostadshus_Troskel;Färdigställda_flerbostadshus_Kvartal_Riket;Färdigställda_flerbostadshus_R12_Riket;Påbörjade_bostäder_Kvartal;Påbörjade_bostäder_R12;Påbörjade_bostäder_Prognos;Påbörjade_bostäder_Polaritet;Påbörjade_bostäder_Troskel;Påbörjade_bostäder_Kvartal_Riket;Påbörjade_bostäder_R12_Riket;Påbörjade_småhus_Kvartal;Påbörjade_småhus_R12;Påbörjade_småhus_Prognos;Påbörjade_småhus_Polaritet;Påbörjade_småhus_Troskel;Påbörjade_småhus_Kvartal_Riket;Påbörjade_småhus_R12_Riket;Påbörjade_flerbostadshus_Kvartal;Påbörjade_flerbostadshus_R12;Påbörjade_flerbostadshus_Prognos;Påbörjade_flerbostadshus_Polaritet;Påbörjade_flerbostadshus_Troskel;Påbörjade_flerbostadshus_Kvartal_Riket;Påbörjade_flerbostadshus_R12_Riket
2020;1;543;1341;1021;Hög;200;13708;54947;29;116;288;Hög;50;3217;10650;514;1225;733;Hög;125;10491;44297;87;1040;788;Hög;200;13138;50339;43;172;133;Hög;50;2809;11186;44;868;655;Hög;125;10329;39153
2020;2;345;1447;963;Hög;200;13168;53458;29;108;175;Hög;50;3149;10871;316;1339;788;Hög;125;10019;42587;450;1276;666;Hög;200;13832;50215;37;177;122;Hög;50;2813;10973;413;1099;544;Hög;125;11019;39242
2020;3;204;1341;1127;Hög;200;9906;52390;46;135;163;Hög;50;2183;11103;158;1206;964;Hög;125;7723;41287;133;921;1124;Hög;200;12896;54129;27;156;146;Hög;50;2412;10883;106;765;978;Hög;125;10484;43246
2020;4;423;1515;896;Hög;200;13697;50479;58;162;118;Hög;50;3024;11573;365;1353;778;Hög;125;10673;38906;84;754;1177;Hög;200;15684;55550;37;144;170;Hög;50;3175;11209;47;610;1007;Hög;125;12509;44341
2021;1;255;1227;1341;Hög;200;11243;48014;32;165;116;Hög;50;2597;10953;223;1062;1225;Hög;125;8646;37061;320;987;1040;Hög;200;16246;58658;28;129;172;Hög;50;3313;11713;292;858;868;Hög;125;12933;46945
2021;2;403;1285;1447;Hög;200;13522;48368;29;165;108;Hög;50;2753;10557;374;1120;1339;Hög;125;10769;37811;466;1003;1276;Hög;200;18799;63625;89;181;177;Hög;50;3802;12702;377;822;1099;Hög;125;14997;50923
2021;3;80;1161;1341;Hög;200;10340;48802;25;144;135;Hög;50;1985;10359;55;1017;1206;Hög;125;8355;38443;156;1026;921;Hög;200;13326;64055;50;204;156;Hög;50;3315;13605;106;822;765;Hög;125;10011;50450
2021;4;219;957;1515;Hög;200;14984;50089;68;154;162;Hög;50;3049;10384;151;803;1353;Hög;125;11935;39705;181;1123;754;Hög;200;19438;67809;22;189;144;Hög;50;3598;14028;159;934;610;Hög;125;15840;53781
2022;1;395;1097;1227;Hög;200;12647;51493;36;158;165;Hög;50;3327;11114;359;939;1062;Hög;125;9320;40379;309;1112;987;Hög;200;15764;67327;121;282;129;Hög;50;3432;14147;188;830;858;Hög;125;12332;53180
2022;2;323;1017;1285;Hög;200;14197;52168;82;211;165;Hög;50;3211;11572;241;806;1120;Hög;125;10986;40596;319;965;1003;Hög;200;18255;66783;116;309;181;Hög;50;4125;14470;203;656;822;Hög;125;14130;52313
2022;3;273;1210;1161;Hög;200;9945;51773;69;255;144;Hög;50;2557;12144;204;955;1017;Hög;125;7388;39629;43;852;1026;Hög;200;11338;64795;43;302;204;Hög;50;2553;13708;0;550;822;Hög;125;8785;51087
2022;4;321;1312;957;Hög;200;17229;54018;68;255;154;Hög;50;3665;12760;253;1057;803;Hög;125;13564;41258;43;714;1123;Hög;200;10837;56194;43;323;189;Hög;50;2508;12618;0;391;934;Hög;125;8329;43576
2023;1;272;1189;1097;Hög;200;18662;60033;54;273;158;Hög;50;4056;13489;218;916;939;Hög;125;14606;46544;133;538;1112;Hög;200;7954;48384;20;222;282;Hög;50;1932;11118;113;316;830;Hög;125;6022;37266
2023;2;427;1293;1017;Hög;200;15950;61786;65;256;211;Hög;50;3373;13651;362;1037;806;Hög;125;12577;48135;16;235;965;Hög;200;7014;37143;10;116;309;Hög;50;1738;8731;6;119;656;Hög;125;5276;28412
2023;3;87;1107;1210;Hög;200;14364;66205;41;228;255;Hög;50;2344;13438;46;879;955;Hög;125;12020;52767;147;339;852;Hög;200;5849;31654;7;80;302;Hög;50;1353;7531;140;259;550;Hög;125;4496;24123
2023;4;166;952;1312;Hög;200;16619;65595;25;185;255;Hög;50;2439;12212;141;767;1057;Hög;125;14180;53383;445;741;714;Hög;200;8091;28908;55;92;323;Hög;50;1354;6377;390;649;391;Hög;125;6737;22531
2024;1;116;796;1189;Hög;200;16203;63136;10;141;273;Hög;50;2481;10637;106;655;916;Hög;125;13722;52499;329;937;538;Hög;200;8686;29640;19;91;222;Hög;50;1320;5765;310;846;316;Hög;125;7366;23875
2024;2;64;433;1293;Hög;200;10456;57642;14;90;256;Hög;50;1560;8824;50;343;1037;Hög;125;8896;48818;111;1032;235;Hög;200;7115;29741;17;98;116;Hög;50;1377;5404;94;934;119;Hög;125;5738;24337
2024;3;30;376;1107;Hög;200;7285;50563;18;67;228;Hög;50;1030;7510;12;309;879;Hög;125;6255;43053;67;952;339;Hög;200;4975;28867;67;158;80;Hög;50;1382;5433;0;794;259;Hög;125;3593;23434
2024;4;61;271;952;Hög;200;11531;45475;61;103;185;Hög;50;1553;6624;0;168;767;Hög;125;9978;38851;18;525;741;Hög;200;6397;27173;18;121;92;Hög;50;1403;5482;0;404;649;Hög;125;4994;21691
2025;1;140;295;796;Hög;200;9103;38375;26;119;141;Hög;50;1499;5642;114;176;655;Hög;125;7604;32733;207;403;937;Hög;200;6357;24844;43;145;91;Hög;50;1395;5557;164;258;846;Hög;125;4962;19287
2025;2;223;454;433;Hög;200;7729;35648;27;132;90;Hög;50;1452;5534;196;322;343;Hög;125;6277;30114;215;507;1032;Hög;200;7681;25410;49;177;98;Hög;50;1728;5908;166;330;934;Hög;125;5953;19502
2025;3;196;620;376;Hög;200;4034;32397;33;147;67;Hög;50;822;5326;163;473;309;Hög;125;3212;27071;115;555;952;Hög;200;7019;27454;8;118;158;Hög;50;1042;5568;107;437;794;Hög;125;5977;21886
2025;4;240;799;271;Hög;200;8031;28897;32;118;103;Hög;50;1262;5035;208;681;168;Hög;125;6769;23862;72;609;525;Hög;200;6951;28008;23;123;121;Hög;50;1296;5461;49;486;404;Hög;125;5655;22547
